-- Table keeps information about status_name
CREATE TABLE tb_status (_id INTEGER NOT NULL PRIMARY KEY AUTOINCREMENT,status_name	INTEGER NOT NULL);
INSERT INTO tb_status (_id, status_name) VALUES (1, 'Open');
INSERT INTO tb_status (_id, status_name) VALUES (2, 'Pending');
INSERT INTO tb_status (_id, status_name) VALUES (3, 'Approved');
INSERT INTO tb_status (_id, status_name) VALUES (4, 'Closed');
INSERT INTO tb_status (_id, status_name) VALUES (5, 'Canceled');
INSERT INTO tb_status (_id, status_name) VALUES (6, 'SMS');
INSERT INTO tb_status (_id, status_name) VALUES (7, 'CALL');
-- Table: tb_version
CREATE TABLE `tb_version` (`version`	TEXT NOT NULL,`last_changes_datetime`	TEXT NOT NULL);
INSERT INTO tb_version (version, last_changes_datetime) VALUES ('1', '2016-10-14 22:11:00');
-- Table keeps information about suborders
CREATE TABLE tb_suborder (_id INTEGER NOT NULL PRIMARY KEY AUTOINCREMENT UNIQUE, product_id INTEGER NOT NULL REFERENCES tb_product (_id), quantity INTEGER NOT NULL, price REAL NOT NULL, order_id INTEGER REFERENCES tb_order (_id));
-- Table keeps information about types of orders
CREATE TABLE "tb_typeorder" (`_id`	INTEGER NOT NULL PRIMARY KEY AUTOINCREMENT UNIQUE,`type_order`	TEXT NOT NULL UNIQUE);
INSERT INTO tb_typeorder (_id, type_order) VALUES (1, 'Dine-in');
INSERT INTO tb_typeorder (_id, type_order) VALUES (2, 'Takeaway');
-- Table keeps information about suburb in Aucklan
CREATE TABLE tb_suburb (_id INTEGER PRIMARY KEY UNIQUE NOT NULL, suburb_name TEXT NOT NULL, district_id INTEGER NOT NULL REFERENCES tb_district (_id));
INSERT INTO tb_suburb (_id, suburb_name, district_id) VALUES (1, 'Arch Hill', 1);
INSERT INTO tb_suburb (_id, suburb_name, district_id) VALUES (2, 'Avondale', 1);
INSERT INTO tb_suburb (_id, suburb_name, district_id) VALUES (3, 'Balmoral', 1);
INSERT INTO tb_suburb (_id, suburb_name, district_id) VALUES (4, 'Blockhouse Bay', 1);
INSERT INTO tb_suburb (_id, suburb_name, district_id) VALUES (5, 'City Centre', 1);
INSERT INTO tb_suburb (_id, suburb_name, district_id) VALUES (6, 'Coxs Bay', 1);
INSERT INTO tb_suburb (_id, suburb_name, district_id) VALUES (7, 'Eden Terrace', 1);
INSERT INTO tb_suburb (_id, suburb_name, district_id) VALUES (8, 'Ellerslie', 1);
INSERT INTO tb_suburb (_id, suburb_name, district_id) VALUES (9, 'Epsom', 1);
INSERT INTO tb_suburb (_id, suburb_name, district_id) VALUES (10, 'Fairview Heights', 1);
INSERT INTO tb_suburb (_id, suburb_name, district_id) VALUES (11, 'Freemans Bay', 1);
INSERT INTO tb_suburb (_id, suburb_name, district_id) VALUES (12, 'Glen Innes', 1);
INSERT INTO tb_suburb (_id, suburb_name, district_id) VALUES (13, 'Glendowie', 1);
INSERT INTO tb_suburb (_id, suburb_name, district_id) VALUES (14, 'Grafton', 1);
INSERT INTO tb_suburb (_id, suburb_name, district_id) VALUES (15, 'Greenlane', 1);
INSERT INTO tb_suburb (_id, suburb_name, district_id) VALUES (16, 'Grey Lynn', 1);
INSERT INTO tb_suburb (_id, suburb_name, district_id) VALUES (17, 'Herne Bay', 1);
INSERT INTO tb_suburb (_id, suburb_name, district_id) VALUES (18, 'Hillsborough', 1);
INSERT INTO tb_suburb (_id, suburb_name, district_id) VALUES (19, 'Kingsland', 1);
INSERT INTO tb_suburb (_id, suburb_name, district_id) VALUES (20, 'Kohimarama', 1);
INSERT INTO tb_suburb (_id, suburb_name, district_id) VALUES (21, 'Lynfield', 1);
INSERT INTO tb_suburb (_id, suburb_name, district_id) VALUES (22, 'Meadowbank', 1);
INSERT INTO tb_suburb (_id, suburb_name, district_id) VALUES (23, 'Mission Bay', 1);
INSERT INTO tb_suburb (_id, suburb_name, district_id) VALUES (24, 'Morningside', 1);
INSERT INTO tb_suburb (_id, suburb_name, district_id) VALUES (25, 'Mount Albert', 1);
INSERT INTO tb_suburb (_id, suburb_name, district_id) VALUES (26, 'Mount Eden', 1);
INSERT INTO tb_suburb (_id, suburb_name, district_id) VALUES (27, 'Mount Roskill', 1);
INSERT INTO tb_suburb (_id, suburb_name, district_id) VALUES (28, 'Mount Wellington', 1);
INSERT INTO tb_suburb (_id, suburb_name, district_id) VALUES (29, 'New Windsor', 1);
INSERT INTO tb_suburb (_id, suburb_name, district_id) VALUES (30, 'Newmarket', 1);
INSERT INTO tb_suburb (_id, suburb_name, district_id) VALUES (31, 'Newton', 1);
INSERT INTO tb_suburb (_id, suburb_name, district_id) VALUES (32, 'One Tree Hill', 1);
INSERT INTO tb_suburb (_id, suburb_name, district_id) VALUES (33, 'Onehunga', 1);
INSERT INTO tb_suburb (_id, suburb_name, district_id) VALUES (34, 'Orakei', 1);
INSERT INTO tb_suburb (_id, suburb_name, district_id) VALUES (35, 'Oranga', 1);
INSERT INTO tb_suburb (_id, suburb_name, district_id) VALUES (36, 'Otahuhu', 1);
INSERT INTO tb_suburb (_id, suburb_name, district_id) VALUES (37, 'Owairaka', 1);
INSERT INTO tb_suburb (_id, suburb_name, district_id) VALUES (38, 'Panmure', 1);
INSERT INTO tb_suburb (_id, suburb_name, district_id) VALUES (39, 'Parnell', 1);
INSERT INTO tb_suburb (_id, suburb_name, district_id) VALUES (40, 'Penrose', 1);
INSERT INTO tb_suburb (_id, suburb_name, district_id) VALUES (41, 'Point Chevalier', 1);
INSERT INTO tb_suburb (_id, suburb_name, district_id) VALUES (42, 'Point England', 1);
INSERT INTO tb_suburb (_id, suburb_name, district_id) VALUES (43, 'Ponsonby', 1);
INSERT INTO tb_suburb (_id, suburb_name, district_id) VALUES (44, 'Remuera', 1);
INSERT INTO tb_suburb (_id, suburb_name, district_id) VALUES (45, 'Royal Oak', 1);
INSERT INTO tb_suburb (_id, suburb_name, district_id) VALUES (46, 'Saint Heliers', 1);
INSERT INTO tb_suburb (_id, suburb_name, district_id) VALUES (47, 'Saint Johns', 1);
INSERT INTO tb_suburb (_id, suburb_name, district_id) VALUES (48, 'Saint Johns Park', 1);
INSERT INTO tb_suburb (_id, suburb_name, district_id) VALUES (49, 'Saint Marys Bay', 1);
INSERT INTO tb_suburb (_id, suburb_name, district_id) VALUES (50, 'Sandringham', 1);
INSERT INTO tb_suburb (_id, suburb_name, district_id) VALUES (51, 'St Lukes', 1);
INSERT INTO tb_suburb (_id, suburb_name, district_id) VALUES (52, 'Stonefields', 1);
INSERT INTO tb_suburb (_id, suburb_name, district_id) VALUES (53, 'Tamaki', 1);
INSERT INTO tb_suburb (_id, suburb_name, district_id) VALUES (54, 'Te Papapa', 1);
INSERT INTO tb_suburb (_id, suburb_name, district_id) VALUES (55, 'Three Kings', 1);
INSERT INTO tb_suburb (_id, suburb_name, district_id) VALUES (56, 'Wai O Taiki Bay', 1);
INSERT INTO tb_suburb (_id, suburb_name, district_id) VALUES (57, 'Waikowhai', 1);
INSERT INTO tb_suburb (_id, suburb_name, district_id) VALUES (58, 'Waterview', 1);
INSERT INTO tb_suburb (_id, suburb_name, district_id) VALUES (59, 'Wesley', 1);
INSERT INTO tb_suburb (_id, suburb_name, district_id) VALUES (60, 'Western Springs', 1);
INSERT INTO tb_suburb (_id, suburb_name, district_id) VALUES (61, 'Westmere (10)No matches found', 1);
INSERT INTO tb_suburb (_id, suburb_name, district_id) VALUES (62, 'Aka Aka', 2);
INSERT INTO tb_suburb (_id, suburb_name, district_id) VALUES (63, 'Ararimu', 2);
INSERT INTO tb_suburb (_id, suburb_name, district_id) VALUES (64, 'Awhitu', 2);
INSERT INTO tb_suburb (_id, suburb_name, district_id) VALUES (65, 'Bombay', 2);
INSERT INTO tb_suburb (_id, suburb_name, district_id) VALUES (66, 'Buckland', 2);
INSERT INTO tb_suburb (_id, suburb_name, district_id) VALUES (67, 'Clarks Beach', 2);
INSERT INTO tb_suburb (_id, suburb_name, district_id) VALUES (68, 'Glenbrook', 2);
INSERT INTO tb_suburb (_id, suburb_name, district_id) VALUES (69, 'Harrisville', 2);
INSERT INTO tb_suburb (_id, suburb_name, district_id) VALUES (70, 'Hunua', 2);
INSERT INTO tb_suburb (_id, suburb_name, district_id) VALUES (71, 'Kaiaua', 2);
INSERT INTO tb_suburb (_id, suburb_name, district_id) VALUES (72, 'Karaka', 2);
INSERT INTO tb_suburb (_id, suburb_name, district_id) VALUES (73, 'Karaka Harbourside', 2);
INSERT INTO tb_suburb (_id, suburb_name, district_id) VALUES (74, 'Kingseat', 2);
INSERT INTO tb_suburb (_id, suburb_name, district_id) VALUES (75, 'Mangatangi', 2);
INSERT INTO tb_suburb (_id, suburb_name, district_id) VALUES (76, 'Mangatawhiri', 2);
INSERT INTO tb_suburb (_id, suburb_name, district_id) VALUES (77, 'Maramarua', 2);
INSERT INTO tb_suburb (_id, suburb_name, district_id) VALUES (78, 'Mauku', 2);
INSERT INTO tb_suburb (_id, suburb_name, district_id) VALUES (79, 'Mercer', 2);
INSERT INTO tb_suburb (_id, suburb_name, district_id) VALUES (80, 'Onewhero', 2);
INSERT INTO tb_suburb (_id, suburb_name, district_id) VALUES (81, 'Otaua', 2);
INSERT INTO tb_suburb (_id, suburb_name, district_id) VALUES (82, 'Paerata', 2);
INSERT INTO tb_suburb (_id, suburb_name, district_id) VALUES (83, 'Paparimu', 2);
INSERT INTO tb_suburb (_id, suburb_name, district_id) VALUES (84, 'Patumahoe', 2);
INSERT INTO tb_suburb (_id, suburb_name, district_id) VALUES (85, 'Pokeno', 2);
INSERT INTO tb_suburb (_id, suburb_name, district_id) VALUES (86, 'Pollok', 2);
INSERT INTO tb_suburb (_id, suburb_name, district_id) VALUES (87, 'Port Waikato', 2);
INSERT INTO tb_suburb (_id, suburb_name, district_id) VALUES (88, 'Pukekawa', 2);
INSERT INTO tb_suburb (_id, suburb_name, district_id) VALUES (89, 'Pukekohe', 2);
INSERT INTO tb_suburb (_id, suburb_name, district_id) VALUES (90, 'Pukekohe East', 2);
INSERT INTO tb_suburb (_id, suburb_name, district_id) VALUES (91, 'Puni', 2);
INSERT INTO tb_suburb (_id, suburb_name, district_id) VALUES (92, 'Ramarama', 2);
INSERT INTO tb_suburb (_id, suburb_name, district_id) VALUES (93, 'Te Kohanga', 2);
INSERT INTO tb_suburb (_id, suburb_name, district_id) VALUES (94, 'Tuakau', 2);
INSERT INTO tb_suburb (_id, suburb_name, district_id) VALUES (95, 'Waiau Pa', 2);
INSERT INTO tb_suburb (_id, suburb_name, district_id) VALUES (96, 'Waiuku', 2);
INSERT INTO tb_suburb (_id, suburb_name, district_id) VALUES (97, 'Wharekawa', 2);
INSERT INTO tb_suburb (_id, suburb_name, district_id) VALUES (98, 'Great Barrier Island', 3);
INSERT INTO tb_suburb (_id, suburb_name, district_id) VALUES (99, 'Kawau Island', 3);
INSERT INTO tb_suburb (_id, suburb_name, district_id) VALUES (100, 'Rakino Island', 3);
INSERT INTO tb_suburb (_id, suburb_name, district_id) VALUES (101, 'Alfriston', 4);
INSERT INTO tb_suburb (_id, suburb_name, district_id) VALUES (102, 'Beachlands', 4);
INSERT INTO tb_suburb (_id, suburb_name, district_id) VALUES (103, 'Botany Downs', 4);
INSERT INTO tb_suburb (_id, suburb_name, district_id) VALUES (104, 'Brookby', 4);
INSERT INTO tb_suburb (_id, suburb_name, district_id) VALUES (105, 'Bucklands Beach', 4);
INSERT INTO tb_suburb (_id, suburb_name, district_id) VALUES (106, 'Burswood', 4);
INSERT INTO tb_suburb (_id, suburb_name, district_id) VALUES (107, 'Chapel Downs', 4);
INSERT INTO tb_suburb (_id, suburb_name, district_id) VALUES (108, 'City Centre', 4);
INSERT INTO tb_suburb (_id, suburb_name, district_id) VALUES (109, 'Clendon Park', 4);
INSERT INTO tb_suburb (_id, suburb_name, district_id) VALUES (110, 'Clevedon', 4);
INSERT INTO tb_suburb (_id, suburb_name, district_id) VALUES (111, 'Clover Park', 4);
INSERT INTO tb_suburb (_id, suburb_name, district_id) VALUES (112, 'Cockle Bay', 4);
INSERT INTO tb_suburb (_id, suburb_name, district_id) VALUES (113, 'Cumbria Downs', 4);
INSERT INTO tb_suburb (_id, suburb_name, district_id) VALUES (114, 'Dannemora', 4);
INSERT INTO tb_suburb (_id, suburb_name, district_id) VALUES (115, 'East Tamaki', 4);
INSERT INTO tb_suburb (_id, suburb_name, district_id) VALUES (116, 'East Tamaki Heights', 4);
INSERT INTO tb_suburb (_id, suburb_name, district_id) VALUES (117, 'Eastern Beach', 4);
INSERT INTO tb_suburb (_id, suburb_name, district_id) VALUES (118, 'Farm Cove', 4);
INSERT INTO tb_suburb (_id, suburb_name, district_id) VALUES (119, 'Favona', 4);
INSERT INTO tb_suburb (_id, suburb_name, district_id) VALUES (120, 'Flat Bush', 4);
INSERT INTO tb_suburb (_id, suburb_name, district_id) VALUES (121, 'Golflands', 4);
INSERT INTO tb_suburb (_id, suburb_name, district_id) VALUES (122, 'Goodwood Heights', 4);
INSERT INTO tb_suburb (_id, suburb_name, district_id) VALUES (123, 'Half Moon Bay', 4);
INSERT INTO tb_suburb (_id, suburb_name, district_id) VALUES (124, 'Highland Park', 4);
INSERT INTO tb_suburb (_id, suburb_name, district_id) VALUES (125, 'Hill Park', 4);
INSERT INTO tb_suburb (_id, suburb_name, district_id) VALUES (126, 'Howick', 4);
INSERT INTO tb_suburb (_id, suburb_name, district_id) VALUES (127, 'Huntington Park', 4);
INSERT INTO tb_suburb (_id, suburb_name, district_id) VALUES (128, 'Kawakawa Bay', 4);
INSERT INTO tb_suburb (_id, suburb_name, district_id) VALUES (129, 'Mahia Park', 4);
INSERT INTO tb_suburb (_id, suburb_name, district_id) VALUES (130, 'Mangere', 4);
INSERT INTO tb_suburb (_id, suburb_name, district_id) VALUES (131, 'Mangere Bridge', 4);
INSERT INTO tb_suburb (_id, suburb_name, district_id) VALUES (132, 'Mangere East', 4);
INSERT INTO tb_suburb (_id, suburb_name, district_id) VALUES (133, 'Manukau', 4);
INSERT INTO tb_suburb (_id, suburb_name, district_id) VALUES (134, 'Manukau Heights', 4);
INSERT INTO tb_suburb (_id, suburb_name, district_id) VALUES (135, 'Manurewa', 4);
INSERT INTO tb_suburb (_id, suburb_name, district_id) VALUES (136, 'Manurewa East', 4);
INSERT INTO tb_suburb (_id, suburb_name, district_id) VALUES (137, 'Maraetai', 4);
INSERT INTO tb_suburb (_id, suburb_name, district_id) VALUES (138, 'Matingarahi', 4);
INSERT INTO tb_suburb (_id, suburb_name, district_id) VALUES (139, 'Meadowlands', 4);
INSERT INTO tb_suburb (_id, suburb_name, district_id) VALUES (140, 'Mellons Bay', 4);
INSERT INTO tb_suburb (_id, suburb_name, district_id) VALUES (141, 'Mission Heights', 4);
INSERT INTO tb_suburb (_id, suburb_name, district_id) VALUES (142, 'Northpark', 4);
INSERT INTO tb_suburb (_id, suburb_name, district_id) VALUES (143, 'Omana Beach', 4);
INSERT INTO tb_suburb (_id, suburb_name, district_id) VALUES (144, 'Orere', 4);
INSERT INTO tb_suburb (_id, suburb_name, district_id) VALUES (145, 'Orere Point', 4);
INSERT INTO tb_suburb (_id, suburb_name, district_id) VALUES (146, 'Otara', 4);
INSERT INTO tb_suburb (_id, suburb_name, district_id) VALUES (147, 'Pakuranga', 4);
INSERT INTO tb_suburb (_id, suburb_name, district_id) VALUES (148, 'Papatoetoe', 4);
INSERT INTO tb_suburb (_id, suburb_name, district_id) VALUES (149, 'Point View Park', 4);
INSERT INTO tb_suburb (_id, suburb_name, district_id) VALUES (150, 'Puhinui', 4);
INSERT INTO tb_suburb (_id, suburb_name, district_id) VALUES (151, 'Randwick Park', 4);
INSERT INTO tb_suburb (_id, suburb_name, district_id) VALUES (152, 'Shamrock Park', 4);
INSERT INTO tb_suburb (_id, suburb_name, district_id) VALUES (153, 'Shelly Park', 4);
INSERT INTO tb_suburb (_id, suburb_name, district_id) VALUES (154, 'Somerville', 4);
INSERT INTO tb_suburb (_id, suburb_name, district_id) VALUES (155, 'Sunnyhills', 4);
INSERT INTO tb_suburb (_id, suburb_name, district_id) VALUES (156, 'The Gardens', 4);
INSERT INTO tb_suburb (_id, suburb_name, district_id) VALUES (157, 'Totara Heights', 4);
INSERT INTO tb_suburb (_id, suburb_name, district_id) VALUES (158, 'Wattle Downs', 4);
INSERT INTO tb_suburb (_id, suburb_name, district_id) VALUES (159, 'Weymouth', 4);
INSERT INTO tb_suburb (_id, suburb_name, district_id) VALUES (160, 'Whitford', 4);
INSERT INTO tb_suburb (_id, suburb_name, district_id) VALUES (161, 'Wiri', 4);
INSERT INTO tb_suburb (_id, suburb_name, district_id) VALUES (162, 'Albany', 5);
INSERT INTO tb_suburb (_id, suburb_name, district_id) VALUES (163, 'Bayswater', 5);
INSERT INTO tb_suburb (_id, suburb_name, district_id) VALUES (164, 'Bayview', 5);
INSERT INTO tb_suburb (_id, suburb_name, district_id) VALUES (165, 'Beach Haven', 5);
INSERT INTO tb_suburb (_id, suburb_name, district_id) VALUES (166, 'Belmont', 5);
INSERT INTO tb_suburb (_id, suburb_name, district_id) VALUES (167, 'Birkdale', 5);
INSERT INTO tb_suburb (_id, suburb_name, district_id) VALUES (168, 'Birkenhead', 5);
INSERT INTO tb_suburb (_id, suburb_name, district_id) VALUES (169, 'Browns Bay', 5);
INSERT INTO tb_suburb (_id, suburb_name, district_id) VALUES (170, 'Campbells Bay', 5);
INSERT INTO tb_suburb (_id, suburb_name, district_id) VALUES (171, 'Castor Bay', 5);
INSERT INTO tb_suburb (_id, suburb_name, district_id) VALUES (172, 'Chatswood', 5);
INSERT INTO tb_suburb (_id, suburb_name, district_id) VALUES (173, 'Chester Park', 5);
INSERT INTO tb_suburb (_id, suburb_name, district_id) VALUES (174, 'Crown Hill', 5);
INSERT INTO tb_suburb (_id, suburb_name, district_id) VALUES (175, 'Devonport', 5);
INSERT INTO tb_suburb (_id, suburb_name, district_id) VALUES (176, 'Forrest Hill', 5);
INSERT INTO tb_suburb (_id, suburb_name, district_id) VALUES (177, 'Glenfield', 5);
INSERT INTO tb_suburb (_id, suburb_name, district_id) VALUES (178, 'Greenhithe', 5);
INSERT INTO tb_suburb (_id, suburb_name, district_id) VALUES (179, 'Hauraki', 5);
INSERT INTO tb_suburb (_id, suburb_name, district_id) VALUES (180, 'Hillcrest', 5);
INSERT INTO tb_suburb (_id, suburb_name, district_id) VALUES (181, 'Long Bay', 5);
INSERT INTO tb_suburb (_id, suburb_name, district_id) VALUES (182, 'Lucas Heights', 5);
INSERT INTO tb_suburb (_id, suburb_name, district_id) VALUES (183, 'Mairangi Bay', 5);
INSERT INTO tb_suburb (_id, suburb_name, district_id) VALUES (184, 'Marlborough', 5);
INSERT INTO tb_suburb (_id, suburb_name, district_id) VALUES (185, 'Meadowood', 5);
INSERT INTO tb_suburb (_id, suburb_name, district_id) VALUES (186, 'Milford', 5);
INSERT INTO tb_suburb (_id, suburb_name, district_id) VALUES (187, 'Murrays Bay', 5);
INSERT INTO tb_suburb (_id, suburb_name, district_id) VALUES (188, 'Narrow Neck', 5);
INSERT INTO tb_suburb (_id, suburb_name, district_id) VALUES (189, 'North Harbour', 5);
INSERT INTO tb_suburb (_id, suburb_name, district_id) VALUES (190, 'Northcote', 5);
INSERT INTO tb_suburb (_id, suburb_name, district_id) VALUES (191, 'Northcote Point', 5);
INSERT INTO tb_suburb (_id, suburb_name, district_id) VALUES (192, 'Northcross', 5);
INSERT INTO tb_suburb (_id, suburb_name, district_id) VALUES (193, 'Okura', 5);
INSERT INTO tb_suburb (_id, suburb_name, district_id) VALUES (194, 'Oteha', 5);
INSERT INTO tb_suburb (_id, suburb_name, district_id) VALUES (195, 'Paremoremo', 5);
INSERT INTO tb_suburb (_id, suburb_name, district_id) VALUES (196, 'Pinehill', 5);
INSERT INTO tb_suburb (_id, suburb_name, district_id) VALUES (197, 'Rosedale', 5);
INSERT INTO tb_suburb (_id, suburb_name, district_id) VALUES (198, 'Rothesay Bay', 5);
INSERT INTO tb_suburb (_id, suburb_name, district_id) VALUES (199, 'Schnapper Rock', 5);
INSERT INTO tb_suburb (_id, suburb_name, district_id) VALUES (200, 'Stanley Bay', 5);
INSERT INTO tb_suburb (_id, suburb_name, district_id) VALUES (201, 'Sunnynook', 5);
INSERT INTO tb_suburb (_id, suburb_name, district_id) VALUES (202, 'Takapuna', 5);
INSERT INTO tb_suburb (_id, suburb_name, district_id) VALUES (203, 'Torbay', 5);
INSERT INTO tb_suburb (_id, suburb_name, district_id) VALUES (204, 'Totara Vale', 5);
INSERT INTO tb_suburb (_id, suburb_name, district_id) VALUES (205, 'Unsworth Heights', 5);
INSERT INTO tb_suburb (_id, suburb_name, district_id) VALUES (206, 'Waiake', 5);
INSERT INTO tb_suburb (_id, suburb_name, district_id) VALUES (207, 'Wainoni', 5);
INSERT INTO tb_suburb (_id, suburb_name, district_id) VALUES (208, 'Wairau Valley', 5);
INSERT INTO tb_suburb (_id, suburb_name, district_id) VALUES (209, 'Westlake', 5);
INSERT INTO tb_suburb (_id, suburb_name, district_id) VALUES (210, 'Windsor Park', 5);
INSERT INTO tb_suburb (_id, suburb_name, district_id) VALUES (211, 'Ardmore', 6);
INSERT INTO tb_suburb (_id, suburb_name, district_id) VALUES (212, 'Conifer Grove', 6);
INSERT INTO tb_suburb (_id, suburb_name, district_id) VALUES (213, 'Drury', 6);
INSERT INTO tb_suburb (_id, suburb_name, district_id) VALUES (214, 'Opaheke', 6);
INSERT INTO tb_suburb (_id, suburb_name, district_id) VALUES (215, 'Pahurehure', 6);
INSERT INTO tb_suburb (_id, suburb_name, district_id) VALUES (216, 'Papakura', 6);
INSERT INTO tb_suburb (_id, suburb_name, district_id) VALUES (217, 'Red Hill', 6);
INSERT INTO tb_suburb (_id, suburb_name, district_id) VALUES (218, 'Takanini', 6);
INSERT INTO tb_suburb (_id, suburb_name, district_id) VALUES (219, 'Ahuroa', 7);
INSERT INTO tb_suburb (_id, suburb_name, district_id) VALUES (220, 'Albany Heights', 7);
INSERT INTO tb_suburb (_id, suburb_name, district_id) VALUES (221, 'Algies Bay', 7);
INSERT INTO tb_suburb (_id, suburb_name, district_id) VALUES (222, 'Arkles Bay', 7);
INSERT INTO tb_suburb (_id, suburb_name, district_id) VALUES (223, 'Army Bay', 7);
INSERT INTO tb_suburb (_id, suburb_name, district_id) VALUES (224, 'Big Manly', 7);
INSERT INTO tb_suburb (_id, suburb_name, district_id) VALUES (225, 'Coatesville', 7);
INSERT INTO tb_suburb (_id, suburb_name, district_id) VALUES (226, 'Dairy Flat', 7);
INSERT INTO tb_suburb (_id, suburb_name, district_id) VALUES (227, 'Glorit', 7);
INSERT INTO tb_suburb (_id, suburb_name, district_id) VALUES (228, 'Gulf Harbour', 7);
INSERT INTO tb_suburb (_id, suburb_name, district_id) VALUES (229, 'Hatfields Beach', 7);
INSERT INTO tb_suburb (_id, suburb_name, district_id) VALUES (230, 'Helensville', 7);
INSERT INTO tb_suburb (_id, suburb_name, district_id) VALUES (231, 'Hobbs Bay', 7);
INSERT INTO tb_suburb (_id, suburb_name, district_id) VALUES (232, 'Hoteo', 7);
INSERT INTO tb_suburb (_id, suburb_name, district_id) VALUES (233, 'Huapai', 7);
INSERT INTO tb_suburb (_id, suburb_name, district_id) VALUES (234, 'Kaipara Flats', 7);
INSERT INTO tb_suburb (_id, suburb_name, district_id) VALUES (235, 'Kaukapakapa', 7);
INSERT INTO tb_suburb (_id, suburb_name, district_id) VALUES (236, 'Kumeu', 7);
INSERT INTO tb_suburb (_id, suburb_name, district_id) VALUES (237, 'Leigh', 7);
INSERT INTO tb_suburb (_id, suburb_name, district_id) VALUES (238, 'Little Manly', 7);
INSERT INTO tb_suburb (_id, suburb_name, district_id) VALUES (239, 'Mahurangi', 7);
INSERT INTO tb_suburb (_id, suburb_name, district_id) VALUES (240, 'Mahurangi East', 7);
INSERT INTO tb_suburb (_id, suburb_name, district_id) VALUES (241, 'Mahurangi West', 7);
INSERT INTO tb_suburb (_id, suburb_name, district_id) VALUES (242, 'Makarau', 7);
INSERT INTO tb_suburb (_id, suburb_name, district_id) VALUES (243, 'Manly', 7);
INSERT INTO tb_suburb (_id, suburb_name, district_id) VALUES (244, 'Matakana', 7);
INSERT INTO tb_suburb (_id, suburb_name, district_id) VALUES (245, 'Matakatia Bay', 7);
INSERT INTO tb_suburb (_id, suburb_name, district_id) VALUES (246, 'Maygrove', 7);
INSERT INTO tb_suburb (_id, suburb_name, district_id) VALUES (247, 'Millwater', 7);
INSERT INTO tb_suburb (_id, suburb_name, district_id) VALUES (248, 'Muriwai Beach', 7);
INSERT INTO tb_suburb (_id, suburb_name, district_id) VALUES (249, 'Muriwai Valley', 7);
INSERT INTO tb_suburb (_id, suburb_name, district_id) VALUES (250, 'Omaha', 7);
INSERT INTO tb_suburb (_id, suburb_name, district_id) VALUES (251, 'Omaha Flats', 7);
INSERT INTO tb_suburb (_id, suburb_name, district_id) VALUES (252, 'Orewa', 7);
INSERT INTO tb_suburb (_id, suburb_name, district_id) VALUES (253, 'Pakiri', 7);
INSERT INTO tb_suburb (_id, suburb_name, district_id) VALUES (254, 'Parakai', 7);
INSERT INTO tb_suburb (_id, suburb_name, district_id) VALUES (255, 'Parkhurst', 7);
INSERT INTO tb_suburb (_id, suburb_name, district_id) VALUES (256, 'Point Wells', 7);
INSERT INTO tb_suburb (_id, suburb_name, district_id) VALUES (257, 'Puhoi', 7);
INSERT INTO tb_suburb (_id, suburb_name, district_id) VALUES (258, 'Red Beach', 7);
INSERT INTO tb_suburb (_id, suburb_name, district_id) VALUES (259, 'Redvale', 7);
INSERT INTO tb_suburb (_id, suburb_name, district_id) VALUES (260, 'Riverhead', 7);
INSERT INTO tb_suburb (_id, suburb_name, district_id) VALUES (261, 'Sandspit', 7);
INSERT INTO tb_suburb (_id, suburb_name, district_id) VALUES (262, 'Shelly Beach', 7);
INSERT INTO tb_suburb (_id, suburb_name, district_id) VALUES (263, 'Silverdale', 7);
INSERT INTO tb_suburb (_id, suburb_name, district_id) VALUES (264, 'Snells Beach', 7);
INSERT INTO tb_suburb (_id, suburb_name, district_id) VALUES (265, 'South Head', 7);
INSERT INTO tb_suburb (_id, suburb_name, district_id) VALUES (266, 'Stanmore Bay', 7);
INSERT INTO tb_suburb (_id, suburb_name, district_id) VALUES (267, 'Stillwater', 7);
INSERT INTO tb_suburb (_id, suburb_name, district_id) VALUES (268, 'Streamlands', 7);
INSERT INTO tb_suburb (_id, suburb_name, district_id) VALUES (269, 'Tapora', 7);
INSERT INTO tb_suburb (_id, suburb_name, district_id) VALUES (270, 'Tauhoa', 7);
INSERT INTO tb_suburb (_id, suburb_name, district_id) VALUES (271, 'Taupaki', 7);
INSERT INTO tb_suburb (_id, suburb_name, district_id) VALUES (272, 'Tawharanui Peninsula', 7);
INSERT INTO tb_suburb (_id, suburb_name, district_id) VALUES (273, 'Te Arai', 7);
INSERT INTO tb_suburb (_id, suburb_name, district_id) VALUES (274, 'Te Hana', 7);
INSERT INTO tb_suburb (_id, suburb_name, district_id) VALUES (275, 'The Grange', 7);
INSERT INTO tb_suburb (_id, suburb_name, district_id) VALUES (276, 'Tindalls Beach', 7);
INSERT INTO tb_suburb (_id, suburb_name, district_id) VALUES (277, 'Tomarata', 7);
INSERT INTO tb_suburb (_id, suburb_name, district_id) VALUES (278, 'Topuni', 7);
INSERT INTO tb_suburb (_id, suburb_name, district_id) VALUES (279, 'Wade Heads', 7);
INSERT INTO tb_suburb (_id, suburb_name, district_id) VALUES (280, 'Waikoukou Valley', 7);
INSERT INTO tb_suburb (_id, suburb_name, district_id) VALUES (281, 'Waimauku', 7);
INSERT INTO tb_suburb (_id, suburb_name, district_id) VALUES (282, 'Wainui', 7);
INSERT INTO tb_suburb (_id, suburb_name, district_id) VALUES (283, 'Waitoki', 7);
INSERT INTO tb_suburb (_id, suburb_name, district_id) VALUES (284, 'Waiwera', 7);
INSERT INTO tb_suburb (_id, suburb_name, district_id) VALUES (285, 'Warkworth', 7);
INSERT INTO tb_suburb (_id, suburb_name, district_id) VALUES (286, 'Wellsford', 7);
INSERT INTO tb_suburb (_id, suburb_name, district_id) VALUES (287, 'Whangaparaoa', 7);
INSERT INTO tb_suburb (_id, suburb_name, district_id) VALUES (288, 'Whangaripo', 7);
INSERT INTO tb_suburb (_id, suburb_name, district_id) VALUES (289, 'Wharehine', 7);
INSERT INTO tb_suburb (_id, suburb_name, district_id) VALUES (290, 'Woodcocks', 7);
INSERT INTO tb_suburb (_id, suburb_name, district_id) VALUES (291, 'Woodhill', 7);
INSERT INTO tb_suburb (_id, suburb_name, district_id) VALUES (292, 'Awaawaroa Bay', 8);
INSERT INTO tb_suburb (_id, suburb_name, district_id) VALUES (293, 'Blackpool', 8);
INSERT INTO tb_suburb (_id, suburb_name, district_id) VALUES (294, 'Church Bay', 8);
INSERT INTO tb_suburb (_id, suburb_name, district_id) VALUES (295, 'Connells Bay', 8);
INSERT INTO tb_suburb (_id, suburb_name, district_id) VALUES (296, 'Cowes Bay', 8);
INSERT INTO tb_suburb (_id, suburb_name, district_id) VALUES (297, 'Enclosure Bay', 8);
INSERT INTO tb_suburb (_id, suburb_name, district_id) VALUES (298, 'Hekerua Bay', 8);
INSERT INTO tb_suburb (_id, suburb_name, district_id) VALUES (299, 'Kennedy Point', 8);
INSERT INTO tb_suburb (_id, suburb_name, district_id) VALUES (300, 'Little Oneroa', 8);
INSERT INTO tb_suburb (_id, suburb_name, district_id) VALUES (301, 'Matiatia Bay', 8);
INSERT INTO tb_suburb (_id, suburb_name, district_id) VALUES (302, 'Omiha', 8);
INSERT INTO tb_suburb (_id, suburb_name, district_id) VALUES (303, 'Oneroa', 8);
INSERT INTO tb_suburb (_id, suburb_name, district_id) VALUES (304, 'Onetangi', 8);
INSERT INTO tb_suburb (_id, suburb_name, district_id) VALUES (305, 'Orapiu', 8);
INSERT INTO tb_suburb (_id, suburb_name, district_id) VALUES (306, 'Ostend', 8);
INSERT INTO tb_suburb (_id, suburb_name, district_id) VALUES (307, 'Palm Beach', 8);
INSERT INTO tb_suburb (_id, suburb_name, district_id) VALUES (308, 'Rocky Bay', 8);
INSERT INTO tb_suburb (_id, suburb_name, district_id) VALUES (309, 'Sandy Bay', 8);
INSERT INTO tb_suburb (_id, suburb_name, district_id) VALUES (310, 'Surfdale', 8);
INSERT INTO tb_suburb (_id, suburb_name, district_id) VALUES (311, 'Te Whau', 8);
INSERT INTO tb_suburb (_id, suburb_name, district_id) VALUES (312, 'Te Whau Bay', 8);
INSERT INTO tb_suburb (_id, suburb_name, district_id) VALUES (313, 'Waikopou Bay', 8);
INSERT INTO tb_suburb (_id, suburb_name, district_id) VALUES (314, 'Woodside Bay', 8);
INSERT INTO tb_suburb (_id, suburb_name, district_id) VALUES (315, ' Anawhata', 9);
INSERT INTO tb_suburb (_id, suburb_name, district_id) VALUES (316, 'Bethells Beach', 9);
INSERT INTO tb_suburb (_id, suburb_name, district_id) VALUES (317, 'Cornwallis', 9);
INSERT INTO tb_suburb (_id, suburb_name, district_id) VALUES (318, 'French Bay', 9);
INSERT INTO tb_suburb (_id, suburb_name, district_id) VALUES (319, 'Glen Eden', 9);
INSERT INTO tb_suburb (_id, suburb_name, district_id) VALUES (320, 'Glendene', 9);
INSERT INTO tb_suburb (_id, suburb_name, district_id) VALUES (321, 'Green Bay', 9);
INSERT INTO tb_suburb (_id, suburb_name, district_id) VALUES (322, 'Harbour View', 9);
INSERT INTO tb_suburb (_id, suburb_name, district_id) VALUES (323, 'Henderson', 9);
INSERT INTO tb_suburb (_id, suburb_name, district_id) VALUES (324, 'Henderson Valley', 9);
INSERT INTO tb_suburb (_id, suburb_name, district_id) VALUES (325, 'Herald Island', 9);
INSERT INTO tb_suburb (_id, suburb_name, district_id) VALUES (326, 'Hobsonville', 9);
INSERT INTO tb_suburb (_id, suburb_name, district_id) VALUES (327, 'Huia', 9);
INSERT INTO tb_suburb (_id, suburb_name, district_id) VALUES (328, 'Karekare', 9);
INSERT INTO tb_suburb (_id, suburb_name, district_id) VALUES (329, 'Kelston', 9);
INSERT INTO tb_suburb (_id, suburb_name, district_id) VALUES (330, 'Konini', 9);
INSERT INTO tb_suburb (_id, suburb_name, district_id) VALUES (331, 'Laingholm', 9);
INSERT INTO tb_suburb (_id, suburb_name, district_id) VALUES (332, 'Little Huia', 9);
INSERT INTO tb_suburb (_id, suburb_name, district_id) VALUES (333, 'Massey', 9);
INSERT INTO tb_suburb (_id, suburb_name, district_id) VALUES (334, 'Massey East', 9);
INSERT INTO tb_suburb (_id, suburb_name, district_id) VALUES (335, 'Massey North', 9);
INSERT INTO tb_suburb (_id, suburb_name, district_id) VALUES (336, 'Massey West', 9);
INSERT INTO tb_suburb (_id, suburb_name, district_id) VALUES (337, 'Mclaren Park', 9);
INSERT INTO tb_suburb (_id, suburb_name, district_id) VALUES (338, 'New Lynn', 9);
INSERT INTO tb_suburb (_id, suburb_name, district_id) VALUES (339, 'Oratia', 9);
INSERT INTO tb_suburb (_id, suburb_name, district_id) VALUES (340, 'Palm Heights', 9);
INSERT INTO tb_suburb (_id, suburb_name, district_id) VALUES (341, 'Parau', 9);
INSERT INTO tb_suburb (_id, suburb_name, district_id) VALUES (342, 'Piha', 9);
INSERT INTO tb_suburb (_id, suburb_name, district_id) VALUES (343, 'Ranui', 9);
INSERT INTO tb_suburb (_id, suburb_name, district_id) VALUES (344, 'Royal Heights', 9);
INSERT INTO tb_suburb (_id, suburb_name, district_id) VALUES (345, 'Sunnyvale', 9);
INSERT INTO tb_suburb (_id, suburb_name, district_id) VALUES (346, 'Swanson', 9);
INSERT INTO tb_suburb (_id, suburb_name, district_id) VALUES (347, 'Te Atatu Peninsula', 9);
INSERT INTO tb_suburb (_id, suburb_name, district_id) VALUES (348, 'Te Atatu South', 9);
INSERT INTO tb_suburb (_id, suburb_name, district_id) VALUES (349, 'Titirangi', 9);
INSERT INTO tb_suburb (_id, suburb_name, district_id) VALUES (350, 'Waiatarua', 9);
INSERT INTO tb_suburb (_id, suburb_name, district_id) VALUES (351, 'Waima', 9);
INSERT INTO tb_suburb (_id, suburb_name, district_id) VALUES (352, 'Waimanu Bay', 9);
INSERT INTO tb_suburb (_id, suburb_name, district_id) VALUES (353, 'Waitakere', 9);
INSERT INTO tb_suburb (_id, suburb_name, district_id) VALUES (354, 'West Harbour', 9);
INSERT INTO tb_suburb (_id, suburb_name, district_id) VALUES (355, 'Western Heights', 9);
INSERT INTO tb_suburb (_id, suburb_name, district_id) VALUES (356, 'Westgate', 9);
INSERT INTO tb_suburb (_id, suburb_name, district_id) VALUES (357, 'Whatipu', 9);
INSERT INTO tb_suburb (_id, suburb_name, district_id) VALUES (358, 'Whenuapai', 9);
INSERT INTO tb_suburb (_id, suburb_name, district_id) VALUES (359, 'Wood Bay', 9);
INSERT INTO tb_suburb (_id, suburb_name, district_id) VALUES (360, 'Woodlands Park', 9);
-- Table keeps information about products available in resauraunt
CREATE TABLE tb_product (_id INTEGER NOT NULL PRIMARY KEY AUTOINCREMENT UNIQUE, cat_id INT NOT NULL REFERENCES tb_category (_id), product_name TEXT NOT NULL UNIQUE, product_desc TEXT NOT NULL, product_price REAL NOT NULL, product_pic TEXT);
INSERT INTO tb_product (_id, cat_id, product_name, product_desc, product_price, product_pic) VALUES (1, 1, 'Tapsilog', 'Beef strips marinated in soy sauce.', 13.5, 'tapsilog');
INSERT INTO tb_product (_id, cat_id, product_name, product_desc, product_price, product_pic) VALUES (2, 1, 'Longsilog', 'Filipino style pork sausage.', 13.5, 'longsilog');
INSERT INTO tb_product (_id, cat_id, product_name, product_desc, product_price, product_pic) VALUES (3, 1, 'Tocilog', 'Cured pork meat with sugar and salt.', 13.5, 'tocilog');
INSERT INTO tb_product (_id, cat_id, product_name, product_desc, product_price, product_pic) VALUES (4, 1, 'Bangsilog', 'Marinated milkfish in vinegar.', 15, 'bangsilog');
INSERT INTO tb_product (_id, cat_id, product_name, product_desc, product_price, product_pic) VALUES (5, 3, 'Sizzling Pinakbet', 'All the best vegetables in the Philipines has to offer come together with bagoong in this llocano vegetable medley.', 15, 'sizpin');
INSERT INTO tb_product (_id, cat_id, product_name, product_desc, product_price, product_pic) VALUES (6, 3, 'Laing', 'Taro leaves, slowly simmered in coconut cream and flavoured with pork, ginger and chrimp paste.', 14.5, 'laing');
INSERT INTO tb_product (_id, cat_id, product_name, product_desc, product_price, product_pic) VALUES (7, 3, 'Ensaladang Talong (Seasonal)', 'A traditional accompaniment pinoy fare: grilled eggplants with freshly chopped onion, tomatoes & vinaigrette.', 14.5, 'enstal');
INSERT INTO tb_product (_id, cat_id, product_name, product_desc, product_price, product_pic) VALUES (8, 2, 'BBQ Pork', 'Tender pork cutlets marinated in Chef Mira''s secret sauce. Grilled to your taste.', 15, 'bbqpor');
INSERT INTO tb_product (_id, cat_id, product_name, product_desc, product_price, product_pic) VALUES (9, 2, 'Crispy Binagoongan', 'Deep fried pork belly to a golden crisp. Served with shrimp paste flavoured rice. Sinful but heavenly.', 17, 'cribin');
INSERT INTO tb_product (_id, cat_id, product_name, product_desc, product_price, product_pic) VALUES (10, 2, 'Crispy Sinigang', 'Deep fried pork belly to a golden crisp. Served with tamarind flavored rice.', 17, 'crisin');
INSERT INTO tb_product (_id, cat_id, product_name, product_desc, product_price, product_pic) VALUES (11, 2, 'Lechon Kawali', 'Crispy and lightly seasoned pork served with soy sauce and mang tomas.', 15, 'leckaw');
INSERT INTO tb_product (_id, cat_id, product_name, product_desc, product_price, product_pic) VALUES (12, 2, 'Crispy Pata', 'Deep fried pork hock. Crispy and meat just melts in your mouth.', 31.5, 'cripat');
INSERT INTO tb_product (_id, cat_id, product_name, product_desc, product_price, product_pic) VALUES (13, 2, 'Dinuguan', 'Pork blood stew. We challenge you to eat this one of the most popular dishes in the Phillippines.', 16, 'dinuguan');
INSERT INTO tb_product (_id, cat_id, product_name, product_desc, product_price, product_pic) VALUES (14, 2, 'Lechon Paksiw', 'Crispy pork belly with liver pate sauce.', 16, 'lecpak');
INSERT INTO tb_product (_id, cat_id, product_name, product_desc, product_price, product_pic) VALUES (15, 2, 'Pork Sinigang', 'Pork belly, slow-cooked in tamarind broth. This will make you hangry!', 15, 'porsin');
INSERT INTO tb_product (_id, cat_id, product_name, product_desc, product_price, product_pic) VALUES (16, 2, 'Sizzling Sisig', 'Pork meat grilled and chopped to perfection. Crispy, tangy and meaty!', 16, 'sizsis');
INSERT INTO tb_product (_id, cat_id, product_name, product_desc, product_price, product_pic) VALUES (17, 9, 'Chicken Inasal', 'Grilled chicken marinated in vinegar.', 15, 'chiina');
INSERT INTO tb_product (_id, cat_id, product_name, product_desc, product_price, product_pic) VALUES (18, 9, 'Pinoy Pride Chicken', 'Deep fried chicken the Pinoy style.', 15, 'pinpri');
INSERT INTO tb_product (_id, cat_id, product_name, product_desc, product_price, product_pic) VALUES (19, 9, 'Chicken BBQ', 'Grilled chicken wings. Marinated in soy sauce and honey. Thumbs up for the juciness!', 15, 'chibbq');
INSERT INTO tb_product (_id, cat_id, product_name, product_desc, product_price, product_pic) VALUES (20, 8, 'Sinigang na Bangus', 'Milkfish belly cooked in tamrind soup.', 13.5, 'sinban');
INSERT INTO tb_product (_id, cat_id, product_name, product_desc, product_price, product_pic) VALUES (21, 8, 'Sinigang na Hipon', 'Prawns cooked in tamarind soup.', 17, 'sinna');
INSERT INTO tb_product (_id, cat_id, product_name, product_desc, product_price, product_pic) VALUES (22, 8, 'Halabos na Hipon', 'Prawns cooked in butter and garllic.', 17, 'halna');
INSERT INTO tb_product (_id, cat_id, product_name, product_desc, product_price, product_pic) VALUES (23, 7, 'Caldereta', 'Filipino style beef stew. Ohhhh so yum...', 15, 'caldereta');
INSERT INTO tb_product (_id, cat_id, product_name, product_desc, product_price, product_pic) VALUES (24, 7, 'Bistek Tagalog', 'Filipino version of beef steak. Marinated beef tender cuts in lemon, salt and pepper.', 14, 'bistag');
INSERT INTO tb_product (_id, cat_id, product_name, product_desc, product_price, product_pic) VALUES (25, 7, 'Salpicao', 'Beef and mushroom sauteed in Worcestershire sauce.', 14, 'salpicao');
INSERT INTO tb_product (_id, cat_id, product_name, product_desc, product_price, product_pic) VALUES (26, 7, 'Kare-Kare', 'Slow cooked beef in rich peanut sauce with vegetables.', 15.5, 'kare-kare');
INSERT INTO tb_product (_id, cat_id, product_name, product_desc, product_price, product_pic) VALUES (27, 7, 'Sizzling Bulalo', 'Sizzling beef bone shank with a kight Chef''s gravy.', 15.5, 'sizbul');
INSERT INTO tb_product (_id, cat_id, product_name, product_desc, product_price, product_pic) VALUES (28, 6, 'Bihon Guisado', 'Stir-Fry rice noodles with pork, shrimp, fish balls and vegetables.', 13, 'bihgui');
INSERT INTO tb_product (_id, cat_id, product_name, product_desc, product_price, product_pic) VALUES (29, 6, 'Canton Guisado', 'Stir-Fry egg noodles with pork, shrimp-flavoured thick sauce.', 13.5, 'cangui');
INSERT INTO tb_product (_id, cat_id, product_name, product_desc, product_price, product_pic) VALUES (30, 6, 'Palabok', 'Thick rice noodles with shrimp-flavoured thick sauce.', 13.5, 'palabok');
INSERT INTO tb_product (_id, cat_id, product_name, product_desc, product_price, product_pic) VALUES (31, 6, 'Bulalo Mami', 'Egg noodles and beef bone shank soup.', 16, 'bulmam');
INSERT INTO tb_product (_id, cat_id, product_name, product_desc, product_price, product_pic) VALUES (32, 5, 'Shanghai', 'Pinoy style spring rolls (9 pcs.)', 7.5, 'shanghai');
INSERT INTO tb_product (_id, cat_id, product_name, product_desc, product_price, product_pic) VALUES (33, 5, 'Tokwa''t Baboy', 'Tofu & fried pork cut in small pieces. With soy vinegar sauce.', 5, 'tokbab');
INSERT INTO tb_product (_id, cat_id, product_name, product_desc, product_price, product_pic) VALUES (34, 5, 'BBQ Pork on Skewer', '  ', 3.5, 'bbqpor');
INSERT INTO tb_product (_id, cat_id, product_name, product_desc, product_price, product_pic) VALUES (35, 4, 'Sinigang Rice', 'Tamarind Rice.', 4.5, 'sinric');
INSERT INTO tb_product (_id, cat_id, product_name, product_desc, product_price, product_pic) VALUES (36, 4, 'Binagoongan Rice', 'Shrimp-paste Rice.', 4.5, 'binric');
INSERT INTO tb_product (_id, cat_id, product_name, product_desc, product_price, product_pic) VALUES (37, 4, 'Adobo Rice', 'Pork and soy vinegar Rice.', 4.5, 'adoric');
INSERT INTO tb_product (_id, cat_id, product_name, product_desc, product_price, product_pic) VALUES (38, 4, 'Aligue Rice', 'Fried rice sauteed with crab paste.', 4.5, 'aliric');
INSERT INTO tb_product (_id, cat_id, product_name, product_desc, product_price, product_pic) VALUES (39, 4, 'Tinapa Fried Rice', 'Fried rice with bits of smocked fish.', 4.5, 'tinfri');
INSERT INTO tb_product (_id, cat_id, product_name, product_desc, product_price, product_pic) VALUES (40, 4, 'Java Rice', 'Rice cooked with tumeric and annatto powder.', 3.5, 'javric');
INSERT INTO tb_product (_id, cat_id, product_name, product_desc, product_price, product_pic) VALUES (41, 4, 'Plain Rice', ' ', 2, 'plaric');
-- Table keeps information of address
CREATE TABLE tb_address (_id INTEGER PRIMARY KEY NOT NULL UNIQUE, district_id INTEGER NOT NULL, suburb_id INTEGER NOT NULL, location TEXT (150) NOT NULL);
-- Table keeps information about an order
CREATE TABLE tb_order (_id INTEGER NOT NULL PRIMARY KEY AUTOINCREMENT UNIQUE, order_datetime_now DATETIME NOT NULL, order_datetime_for DATETIME NOT NULL, customer_id INTEGER NOT NULL REFERENCES tb_customer (_id), status_id INTEGER NOT NULL REFERENCES tb_status (_id), type_order_id INTEGER NOT NULL REFERENCES tb_typeorder (_id), num_persons INTEGER NOT NULL, address_id INTEGER NOT NULL REFERENCES tb_address (_id), global_id INTEGER, comment TEXT);
-- Table keeps information about categories
CREATE TABLE tb_category (_id INTEGER NOT NULL PRIMARY KEY AUTOINCREMENT UNIQUE, cat_name TEXT NOT NULL UNIQUE, description TEXT (60), order_id INT REFERENCES tb_order (_id), pic TEXT);
INSERT INTO tb_category (_id, cat_name, description, order_id, pic) VALUES (1, 'All day breakfast', 'Comes with garlic fried rice and fried egg. Combbied into one meal.', 1, 'cat_breakfast');
INSERT INTO tb_category (_id, cat_name, description, order_id, pic) VALUES (2, 'Pork', 'Delicious Filipino dishes cooked with beef.', 2, 'cat_pork');
INSERT INTO tb_category (_id, cat_name, description, order_id, pic) VALUES (3, 'Vegetables', 'Fresh prepared salads for you.', 3, 'cat_vegetables');
INSERT INTO tb_category (_id, cat_name, description, order_id, pic) VALUES (4, 'Extra rice', 'More rice?', 8, 'cat_extra_rice');
INSERT INTO tb_category (_id, cat_name, description, order_id, pic) VALUES (5, 'Extras', 'Would you like some exrtas?', 9, 'cat_extras');
INSERT INTO tb_category (_id, cat_name, description, order_id, pic) VALUES (6, 'Noodles', 'Peerless dishes cooked with noodles.', 4, 'cat_noodles');
INSERT INTO tb_category (_id, cat_name, description, order_id, pic) VALUES (7, 'Beef', 'Delicious Filipino dishes cooked with beef.', 5, 'cat_beef');
INSERT INTO tb_category (_id, cat_name, description, order_id, pic) VALUES (8, 'Seafoods', 'We offer a variety of dishes made with seafood.', 6, 'cat_seafoods');
INSERT INTO tb_category (_id, cat_name, description, order_id, pic) VALUES (9, 'Chicken', 'Taste our delicious dishes prepared with chicken.', 7, 'cat_chicken');
-- Table keeps information about customer
CREATE TABLE tb_customer (_id INTEGER NOT NULL UNIQUE, customer_name TEXT NOT NULL, phone_number TEXT NOT NULL, email TEXT, address_id INT (150) REFERENCES tb_address (_id), PRIMARY KEY (_id));
-- Table keeps information about districtes in the Auckland
CREATE TABLE tb_district (_id INTEGER PRIMARY KEY UNIQUE NOT NULL, district_name TEXT NOT NULL UNIQUE);
INSERT INTO tb_district (_id, district_name) VALUES (1, 'Auckland City');
INSERT INTO tb_district (_id, district_name) VALUES (2, 'Franklin ');
INSERT INTO tb_district (_id, district_name) VALUES (3, 'Hauraki Gulf Islands');
INSERT INTO tb_district (_id, district_name) VALUES (4, 'Manukau City ');
INSERT INTO tb_district (_id, district_name) VALUES (5, 'North Shore City');
INSERT INTO tb_district (_id, district_name) VALUES (6, 'Papakura');
INSERT INTO tb_district (_id, district_name) VALUES (7, 'Rodney');
INSERT INTO tb_district (_id, district_name) VALUES (8, 'Waiheke Island');
INSERT INTO tb_district (_id, district_name) VALUES (9, 'Waitakere City ');
-- Table keeps information about comments
CREATE TABLE tb_comment (_id INTEGER NOT NULL PRIMARY KEY AUTOINCREMENT UNIQUE, product_id INTEGER NOT NULL REFERENCES tb_product (_id), comment_text TEXT NOT NULL, rate INTEGER NOT NULL);
